source,target,tgt_lng
Jiangsu GenScend Biopharma Co. Ltd.,江苏景行生物医药有限公司,zh
"Jiangsu GenScend Biopharma Co., Ltd.",江苏景行生物医药有限公司,zh
GenScend,GenScend,en
景行生物,GenScend,en
景行生物医药,GenScend,en
江苏景行生物医药有限公司,GenScend,en
江苏景行生物医药股份有限公司,GenScend,en
Jiangsu Qyuns Therapeutics Co. Ltd.,江苏荃信生物医药有限公司,zh
江苏荃信生物医药有限公司,江苏荃信生物医药有限公司,zh
江苏荃信生物医药股份有限公司,江苏荃信生物医药股份有限公司,zh
Qyuns,Qyuns,en
荃信生物,Qyuns,en
荃信,Qyuns,en
IQVIA,IQVIA,en
Vabysmo,Vabysmo,en
US-Vabysmo,US-Vabysmo,en
faricimab-svoa,faricimab-svoa,en
Crystal Bland,Crystal Bland,en
Mei-Fei Yueh,Mei-Fei Yueh,en
MSHA,MSHA,en
FDA,FDA,en
U.S. FOOD & DRUG ADMINISTRATION,美国食品与药品管理局,zh
U.S. Food & Drug Administration,美国食品与药品管理局,zh
Food and Drug Administration,美国食品与药品管理局,zh
FOOD & DRUG ADMINISTRATION,食品与药品管理局,zh
美国食品与药品管理局,FDA,en
CDE,CDE,en
国家药品监督管理局,NMPA,en
NMPA,国家药品监督管理局,zh
Center for Drug Evaluation and Research,药品评价与研究中心,zh
Office of New Drugs,新药办公室,zh
Office of Regulatory Operations,监管运营办公室,zh
Division of Regulatory Operations for Specialty Medicine,专科药物监管运营处,zh
Regulatory Health Project Manager,监管健康项目经理,zh
Regulatory Affairs Lead,监管事务负责人,zh
Ophthalmology,眼科,zh
Ophalmology,眼科,zh
CMC,CMC,en
Biosimilar,生物类似药,zh
BPD Type 2b,BPD 2b型,zh
QX027N,QX027N,en
GS301,GS301,en
